x_m,eta_initial_m,eta_ader_dg_m,q_initial_m2_s,q_ader_dg_m2_s,b_initial_m,b_ader_dg_m,h_ader_dg_m
-14.925,5.0,4.999999999955027,0.5,0.4999999997896058,3.0,2.9999999999999982,1.9999999999550289
-14.775,5.0,4.999999999954756,0.5,0.49999999978830756,3.0,2.9999999999999982,1.999999999954758
-14.625,5.0,4.999999999954503,0.5,0.4999999997871357,3.0,2.999999999999998,1.9999999999545053
-14.475,5.0,4.999999999954276,0.5,0.4999999997860916,3.0,2.999999999999998,1.999999999954278
-14.325,5.0,4.999999999954073,0.5,0.49999999978515824,3.0,2.999999999999997,1.9999999999540763
-14.174999999999999,5.0,4.999999999953897,0.5,0.49999999978433735,3.0,2.999999999999998,1.9999999999538995
-14.024999999999999,5.0,4.999999999953746,0.5,0.499999999783622,3.0,2.999999999999997,1.9999999999537494
-13.875,5.0,4.99999999995362,0.5,0.4999999997830437,3.0,2.999999999999997,1.9999999999536233
-13.725000000000001,5.0,4.999999999953522,0.5,0.4999999997825977,3.0,2.9999999999999973,1.9999999999535243
-13.575000000000001,5.0,4.9999999999534674,0.5,0.49999999978220755,3.0,2.999999999999997,1.9999999999534706
-13.425,5.0,4.999999999953393,0.5,0.499999999782183,3.0,2.999999999999997,1.999999999953396
-13.275,5.0,4.999999999953432,0.5,0.49999999978199566,3.0,2.999999999999997,1.999999999953435
-13.125,5.0,4.999999999953577,0.5,0.49999999978175486,3.0,2.9999999999999973,1.9999999999535794
-12.975,5.0,4.999999999953143,0.5,0.49999999978443244,3.0,2.999999999999997,1.9999999999531464
-12.825,5.0,4.999999999954013,0.5,0.49999999978227744,3.0,2.999999999999998,1.999999999954015
-12.674999999999999,5.0,4.999999999955648,0.5,0.4999999997777643,3.0,2.9999999999999982,1.9999999999556497
-12.524999999999999,5.0,4.999999999948638,0.5,0.49999999981035387,3.0,2.9999999999999876,1.9999999999486509
-12.375,5.0,4.99999999996054,0.5,0.4999999997649522,3.0,3.000000000000009,1.9999999999605311
-12.225,5.0,4.999999999968925,0.5,0.49999999973509135,3.0,2.999999999999999,1.9999999999689262
-12.075,5.0,4.999999999893785,0.5,0.5000000000549185,3.0,2.9999999999999196,1.9999999998938658
-11.925,5.0,5.0000000000669775,0.5,0.49999999933822536,3.0,3.000000000000163,2.0000000000668146
-11.775,5.0,4.999999999912028,0.5,0.49999999999310535,3.0,2.999999999999814,1.9999999999122138
-11.625,5.0,4.999999999645059,0.5,0.5000000011162339,3.0,2.999999999999778,1.999999999645281
-11.475,5.0,5.000000001089298,0.5,0.4999999950930218,3.0,3.000000000001289,2.0000000010880092
-11.325,5.0,4.999999997638738,0.5,0.5000000095170485,3.0,2.999999999996764,1.9999999976419738
-11.175,5.0,5.000000003263471,0.5,0.49999998603170515,3.0,3.000000000005348,2.000000003258123
-11.025,5.0,4.999999997222939,0.5,0.5000000112824439,3.0,2.999999999993769,1.9999999972291698
-10.875,5.0,4.999999998263179,0.5,0.5000000069387966,3.0,3.0000000000028724,1.9999999982603063
-10.725,5.0,5.000000014133201,0.5,0.4999999406818001,3.0,3.0000000000092557,2.0000000141239456
-10.575,5.0,4.999999954651461,0.5,0.5000001891324678,3.0,2.999999999959142,1.9999999546923188
-10.424999999999999,5.0,5.0000001202233255,0.5,0.4999994975592113,3.0,3.0000000001212888,2.0000001201020368
-10.274999999999999,5.0,4.999999714744773,0.5,0.5000011913000931,3.0,2.999999999692329,1.9999997150524438
-10.125,5.0,5.000000611798177,0.5,0.4999974441303185,3.0,3.0000000006778325,2.000000611120344
-9.975000000000001,5.0,4.999998745187648,0.5,0.5000052414804003,3.0,2.9999999986214894,1.9999987465661588
-9.825000000000001,5.0,5.000002385850948,0.5,0.4999900333392254,3.0,3.0000000025705567,2.0000023832803913
-9.675,5.0,4.999995858505985,0.5,0.5000172997976808,3.0,2.999999995837101,1.9999958626688836
-9.525,5.0,5.000004886377843,0.5,0.4999795890192258,3.0,3.000000004266352,2.0000048821114906
-9.375,5.0,5.000002455105972,0.5,0.49998973847347056,3.0,3.0000000052834515,2.0000024498225204
-9.225,5.0,4.999958687685201,0.5,0.5001725839174018,3.0,2.999999951772219,1.9999587359129816
-9.075,5.0,5.0001160064267145,0.5,0.49951534891244115,3.0,3.000000121296152,2.0001158851305627
-8.924999999999999,5.0,5.0001876462830905,0.5,0.49921605707722216,3.0,3.000000184563433,2.0001874617196576
-8.774999999999999,5.0,5.000125195727921,0.5,0.4994769602401062,3.0,3.0000001129480776,2.000125082779843
-8.625,5.0,4.9999141182440034,0.5,0.5003588722637705,3.0,2.9999998742941067,1.9999142439498967
-8.475,5.0,4.99501534084793,0.5,0.5207679989142325,3.0,2.999995073236818,1.9950202676111117
-8.325,5.0,4.97971016389538,0.5,0.5840218647929998,3.0,2.9999753007892043,1.9797348631061755
-8.175,5.0,4.9604617198240195,0.5,0.6624840150956401,3.0,2.999943386875618,1.9605183329484017
-8.025,5.0,4.939991221560086,0.5,0.7445428562940204,3.0,2.9998989792375346,1.9400922423225513
-7.875,5.0,4.919027510536199,0.5,0.8271136354952482,3.0,2.999839136732192,1.919188373804007
-7.7250000000000005,5.0,4.897803185407872,0.5,0.909152596215775,3.0,2.9997620206872266,1.8980411647206452
-7.575,5.0,4.876435217516497,0.5,0.9901931398999703,3.0,2.9996648112607467,1.8767704062557504
-7.425,5.0,4.854976598280819,0.5,1.0699529159443018,3.0,2.9995445198596054,1.855432078421214
-7.2749999999999995,5.0,4.83346113523543,0.5,1.1483292301272325,3.0,2.9993979654744787,1.834063169760951
-7.125,5.0,4.811894959474945,0.5,1.2252287774338524,3.0,2.9992212786116004,1.812673680863345
-6.975,5.0,4.790287890574557,0.5,1.300639505052771,3.0,2.9990114199963918,1.7912764705781656
-6.824999999999999,5.0,4.768638315072995,0.5,1.3745158856211759,3.0,2.9987630082802523,1.769875306792743
-6.675,5.0,4.74695125699383,0.5,1.4468424951121586,3.0,2.9984721721628738,1.7484790848309562
-6.525,5.0,4.725232956926788,0.5,1.5175758614621593,3.0,2.9981338146713785,1.7270991422554092
-6.375,5.0,4.7034919683701215,0.5,1.586667209443387,3.0,2.9977428423210837,1.7057491260490378
-6.225,5.0,4.68172476179968,0.5,1.6541338664280492,3.0,2.997292978701947,1.6844317830977333
-6.074999999999999,5.0,4.65988970294838,0.5,1.7200587728123162,3.0,2.9967779238741774,1.6631117790742027
-5.925,5.0,4.637943895641516,0.5,1.7845793297326495,3.0,2.996187498675951,1.6417563969655653
-5.775,5.0,4.615876701298814,0.5,1.8476580225405708,3.0,2.9955151046393684,1.6203615966594453
-5.625,5.0,4.593747047252066,0.5,1.9091365739070179,3.0,2.9947509767425875,1.5989960705094783
-5.475,5.0,4.571643251210549,0.5,1.9687345564370375,3.0,2.9938920345043165,1.5777512167062326
-5.324999999999999,5.0,4.549637071921834,0.5,2.0262919518422287,3.0,2.9929319286173732,1.5567051433044612
-5.175,5.0,4.527774705175031,0.5,2.081712256161319,3.0,2.991863506805692,1.5359111983693392
-5.0249999999999995,5.0,4.5063802655736405,0.5,2.1342484072571604,3.0,2.9906987064736463,1.5156815590999941
-4.874999999999999,5.0,4.486688752974086,0.5,2.181151326725984,3.0,2.9895128584330974,1.4971758945409883
-4.725,5.0,4.471905744411536,0.5,2.2154407666208056,3.0,2.9885464793652323,1.483359265046304
-4.575,5.0,4.465690223735008,0.5,2.229624431218761,3.0,2.988130178128173,1.4775600456068347
-4.425,5.0,4.4650906743260625,0.5,2.230980469775805,3.0,2.9880945870498254,1.476996087276237
-4.2749999999999995,5.0,4.465400131540752,0.5,2.230284465744139,3.0,2.988103350724325,1.4772967808164275
-4.124999999999999,5.0,4.467697559514481,0.5,2.2250582253181554,3.0,2.9882779746380432,1.479419584876438
-3.974999999999999,5.0,4.468456823831776,0.5,2.2233337198645953,3.0,2.988318040315979,1.4801387835157969
-3.825,5.0,4.4685669705597215,0.5,2.223090573089312,3.0,2.9883230244276056,1.480243946132116
-3.6749999999999994,5.0,4.468533672989674,0.5,2.223155695737785,3.0,2.9883257523705025,1.4802079206191712
-3.525,5.0,4.468490051748289,0.5,2.2232638092685533,3.0,2.988318671997966,1.480171379750323
-3.3749999999999996,5.0,4.468429195764864,0.5,2.2233969308901727,3.0,2.9883193129192445,1.4801098828456198
-3.2249999999999996,5.0,4.468335520638073,0.5,2.2236155370445103,3.0,2.9883104675056225,1.4800250531324504
-3.0749999999999997,5.0,4.468251169556609,0.5,2.2237999420957224,3.0,2.988304890724909,1.4799462788317004
-2.925,5.0,4.468210388582905,0.5,2.22389687542263,3.0,2.988302409491518,1.4799079790913874
-2.7749999999999995,5.0,4.468165581732211,0.5,2.224005252965407,3.0,2.9883003924416425,1.4798651892905683
-2.625,5.0,4.468106879947458,0.5,2.224123476791309,3.0,2.9882963133889118,1.479810566558546
-2.4749999999999996,5.0,4.46805417749254,0.5,2.2242590678598555,3.0,2.988289532347478,1.4797646451450621
-2.3249999999999997,5.0,4.468014089681222,0.5,2.224341010325331,3.0,2.9882893396481673,1.4797247500330544
-2.175,5.0,4.467980577630291,0.5,2.224418360042226,3.0,2.988288815496786,1.479691762133505
-2.025,5.0,4.467943057156886,0.5,2.2245076366527377,3.0,2.988281535213252,1.4796615219436342
-1.8749999999999996,5.0,4.467928031544591,0.5,2.2245403229938225,3.0,2.9882766579101667,1.479651373634424
-1.7249999999999996,5.0,4.467931855479149,0.5,2.2245366087919725,3.0,2.9882774338333946,1.4796544216457543
-1.5749999999999997,5.0,4.467901602913465,0.5,2.22459600476573,3.0,2.9882885326601545,1.4796130702533108
-1.4249999999999996,5.0,4.467887847930591,0.5,2.224654232134807,3.0,2.9882347732648173,1.4796530746657734
-1.2749999999999997,5.0,4.467856208694388,0.5,2.224716724675662,3.0,2.9882401233860807,1.4796160853083076
-1.1249999999999998,5.0,4.4678396372369935,0.5,2.2248896015246604,3.0,2.9881054790510033,1.4797341581859902
-0.9749999999999996,5.0,4.467789796883157,0.5,2.2248358751734005,3.0,2.988366775743341,1.4794230211398154
-0.8249999999999997,5.0,4.46780159854821,0.5,2.22488703845908,3.0,2.988224737865597,1.479576860682613
-0.6749999999999997,5.0,4.467770821413625,0.5,2.224899075291063,3.0,2.9882950138163853,1.4794758075972396
-0.5249999999999997,5.0,4.4677408683293125,0.5,2.225417807554941,3.0,2.9875742184398826,1.48016664988943
-0.3749999999999996,5.0,4.467740900335623,0.5,2.2249631081876133,3.0,2.988325920600308,1.4794149797353149
-0.22499999999999962,5.0,4.467704834329035,0.5,2.2250019715004203,3.0,2.988390777625932,1.4793140567031027
-0.07499999999999962,5.0,4.46785659092908,0.5,2.2251851349977287,3.0,2.987230112678366,1.4806264782507141
0.07499999999999962,4.84751,4.456493896298631,4.34297,2.3481886889328294,2.84751,2.8617158573278614,1.5947780389707695
0.22499999999999962,4.84751,4.473662397980414,4.34297,2.232307032885754,2.84751,2.9045032797142962,1.5691591182661178
0.3749999999999996,4.84751,4.481848484307509,4.34297,2.234007375489887,2.84751,2.8622489483928852,1.6195995359146238
0.5249999999999997,4.84751,4.4877197622579965,4.34297,2.234779752828444,2.84751,2.833743675965851,1.6539760862921455
0.6749999999999997,4.84751,4.4879428151146,4.34297,2.2347303858357765,2.84751,2.8340714697663474,1.6538713453482528
0.8249999999999997,4.84751,4.487853606381996,4.34297,2.2346872814491983,2.84751,2.834743932956625,1.6531096734253707
0.9749999999999996,4.84751,4.487847355954562,4.34297,2.234637171695536,2.84751,2.8348847449437398,1.6529626110108224
1.1249999999999998,4.84751,4.487829980979598,4.34297,2.2345533235902235,2.84751,2.834858501655948,1.6529714793236496
1.2749999999999997,4.84751,4.487809073067508,4.34297,2.234438439973067,2.84751,2.8348553536390284,1.6529537194284796
1.4249999999999996,4.84751,4.487806134581152,4.34297,2.234435684155414,2.84751,2.8348480071386546,1.6529581274424978
1.5749999999999997,4.84751,4.4877929977042745,4.34297,2.2344347851691313,2.84751,2.8348699506874837,1.6529230470167908
1.7249999999999996,4.84751,4.487798625818851,4.34297,2.234381328351485,2.84751,2.834862573896955,1.6529360519218956
1.8749999999999996,4.84751,4.4877978911418905,4.34297,2.2343829743065884,2.84751,2.8348589895263556,1.652938901615535
2.025,4.84751,4.487786793649003,4.34297,2.2343899167239,2.84751,2.83486589631529,1.652920897333713
2.175,4.84751,4.487786977195418,4.34297,2.234343304508823,2.84751,2.8348593264335773,1.6529276507618405
2.3249999999999997,4.84751,4.487789061075339,4.34297,2.2342834200397563,2.84751,2.8348544860678833,1.6529345750074556
2.4749999999999996,4.84751,4.487765101745041,4.34297,2.234285507442391,2.84751,2.834872804544837,1.6528922972002045
2.625,4.84751,4.487758226344033,4.34297,2.2342304610350174,2.84751,2.8348572425122334,1.6529009838317994
2.7749999999999995,4.84751,4.487764568567012,4.34297,2.2341370698647185,2.84751,2.8348636695475746,1.652900899019437
2.925,4.84751,4.487746038912363,4.34297,2.2341222778516463,2.84751,2.834860790365378,1.6528852485469847
3.0749999999999997,4.84751,4.4877373697180225,4.34297,2.2340856604480144,2.84751,2.834858640795097,1.6528787289229254
3.2249999999999996,4.84751,4.487731678896473,4.34297,2.2340551238587634,2.84751,2.8348622049919414,1.652869473904532
3.3749999999999996,4.84751,4.487733910753539,4.34297,2.234013954447085,2.84751,2.834853502256767,1.6528804084967716
3.525,4.84751,4.487713924287742,4.34297,2.2339754509358283,2.84751,2.8348621474185145,1.6528517768692272
3.6749999999999994,4.84751,4.487705184146976,4.34297,2.233910455317393,2.84751,2.834863786406542,1.652841397740434
3.825,4.84751,4.487693610474275,4.34297,2.233856394569413,2.84751,2.834853141504765,1.6528404689695098
3.974999999999999,4.84751,4.487681951995476,4.34297,2.2338071577175236,2.84751,2.83486257277351,1.6528193792219654
4.124999999999999,4.84751,4.487689475701855,4.34297,2.2337136830362154,2.84751,2.834858087127358,1.6528313885744974
4.2749999999999995,4.84751,4.487661770226405,4.34297,2.2337048929204175,2.84751,2.8348622710856186,1.652799499140786
4.425,4.84751,4.4876517531062285,4.34297,2.2336511321218744,2.84751,2.8348542166972885,1.65279753640894
4.575,4.84751,4.487645120945671,4.34297,2.233584897534856,2.84751,2.834861015461553,1.652784105484118
4.725,4.84751,4.4876366644229195,4.34297,2.23354049616177,2.84751,2.8348617250048704,1.652774939418049
4.874999999999999,4.84751,4.48763724696728,4.34297,2.233506928983999,2.84751,2.8348513642817914,1.6527858826854884
5.0249999999999995,4.84751,4.487625350825086,4.34297,2.2335189177005232,2.84751,2.8348603659090608,1.652764984916025
5.175,4.84751,4.487629646251404,4.34297,2.233512789355052,2.84751,2.834855174060918,1.6527744721904858
5.324999999999999,4.84751,4.487631076533839,4.34297,2.2335377173266524,2.84751,2.8348607587493393,1.6527703177845
5.475,4.84751,4.487641076158312,4.34297,2.2335256328333757,2.84751,2.8348559219292526,1.652785154229059
5.625,4.84751,4.487634527347659,4.34297,2.233480831941935,2.84751,2.8348612381380094,1.6527732892096494
5.775,4.84751,4.4876126982856155,4.34297,2.233451091721686,2.84751,2.8348556574100297,1.6527570408755858
5.925,4.84751,4.487608549499431,4.34297,2.2333898523733495,2.84751,2.834855228903428,1.6527533205960028
6.074999999999999,4.84751,4.487597755543756,4.34297,2.2333443502801194,2.84751,2.8348590010061523,1.6527387545376033
6.225,4.84751,4.487582941010168,4.34297,2.233285199089061,2.84751,2.8348560090831776,1.6527269319269906
6.375,4.84751,4.487577875140064,4.34297,2.2331655002747253,2.84751,2.8348575695273057,1.6527203056127586
6.525,4.84751,4.4875524194143726,4.34297,2.2330759572548025,2.84751,2.834857080580801,1.6526953388335714
6.675,4.84751,4.487527183858025,4.34297,2.2329985536433257,2.84751,2.8348517471597807,1.6526754366982441
6.824999999999999,4.84751,4.487521159735726,4.34297,2.2329117657413784,2.84751,2.8348584529916816,1.6526627067440445
6.975,4.84751,4.487511469530066,4.34297,2.2329006182684106,2.84751,2.8348500393731704,1.6526614301568956
7.125,4.84751,4.487515457244972,4.34297,2.23288333516545,2.84751,2.8348555247417124,1.6526599325032594
7.2749999999999995,4.84751,4.487510381103918,4.34297,2.2328793409887466,2.84751,2.83485363555982,1.6526567455440975
7.425,4.84751,4.48749982239564,4.34297,2.23285579477036,2.84751,2.8348580572984265,1.6526417650972136
7.575,4.84751,4.487501255339955,4.34297,2.2327986309503234,2.84751,2.834852491064476,1.6526487642754795
7.7250000000000005,4.84751,4.487496929422168,4.34297,2.2327574917655437,2.84751,2.834856655477142,1.6526402739450257
7.875,4.84751,4.487484758430392,4.34297,2.2327453084512965,2.84751,2.8348564993596144,1.6526282590707773
8.025,4.84751,4.4874724009165705,4.34297,2.2327586296308057,2.84751,2.8348542953551954,1.6526181055613751
8.175,4.84751,4.48748997051308,4.34297,2.232698753504916,2.84751,2.8348450155714606,1.6526449549416191
8.325,4.84751,4.487475018180938,4.34297,2.2326495032973677,2.84751,2.8348553658284024,1.652619652352536
8.475,4.84751,4.4874404274154465,4.34297,2.2325274812544462,2.84751,2.8348574012162304,1.652583026199216
8.625,4.84751,4.487410726284768,4.34297,2.2323666930626067,2.84751,2.83485409316232,1.652556633122448
8.774999999999999,4.84751,4.4874109345872295,4.34297,2.232343101099295,2.84751,2.8348513724880293,1.6525595620992002
8.924999999999999,4.84751,4.487440934873941,4.34297,2.2325010019300917,2.84751,2.8348554841164697,1.6525854507574715
9.075,4.84751,4.487490118156158,4.34297,2.2327710812022343,2.84751,2.8348507225226385,1.6526393956335195
9.225,4.84751,4.487536070800261,4.34297,2.233051932154743,2.84751,2.8348567325907217,1.6526793382095395
9.375,4.84751,4.4875566040069925,4.34297,2.233079387705522,2.84751,2.834857928511034,1.6526986754959587
9.525,4.84751,4.487463783911705,4.34297,2.2326121690105034,2.84751,2.8348535678001157,1.6526102161115896
9.675,4.84751,4.487251045090698,4.34297,2.231476856778507,2.84751,2.8348468109396223,1.6524042341510756
9.825000000000001,4.84751,4.487034342502529,4.34297,2.2303379882063705,2.84751,2.8348390688207825,1.6521952736817465
9.975000000000001,4.84751,4.486964795216164,4.34297,2.2299887712230464,2.84751,2.834845900945616,1.6521188942705485
10.125,4.84751,4.486970767270077,4.34297,2.2300610543811645,2.84751,2.834839234001549,1.6521315332685282
10.274999999999999,4.84751,4.486955054192873,4.34297,2.229858469584979,2.84751,2.8348434614020817,1.6521115927907917
10.424999999999999,4.84751,4.486945801018044,4.34297,2.22992101174048,2.84751,2.8348447351898525,1.6521010658281918
10.575,4.84751,4.488467909065226,4.34297,2.237947790262266,2.84751,2.8348762927035276,1.6535916163616982
10.725,4.84751,4.495410077184282,4.34297,2.2748024307023873,2.84751,2.8350489907272807,1.660361086457001
10.875,4.84751,4.507843021926239,4.34297,2.341240602705851,2.84751,2.835360779756911,1.6724822421693277
11.025,4.84751,4.523343033006849,4.34297,2.4247771761982144,2.84751,2.8357633280141203,1.687579704992729
11.175,4.84751,4.54034592337343,4.34297,2.5173666781372153,2.84751,2.8362292966312643,1.7041166267421652
11.325,4.84751,4.558274373479382,4.34297,2.615802170870209,2.84751,2.836720808854921,1.7215535646244606
11.475,4.84751,4.576796578407583,4.34297,2.7187874563808854,2.84751,2.837273121927782,1.7395234564798012
11.625,4.84751,4.595782430944543,4.34297,2.8254257531071696,2.84751,2.8378424505099984,1.7579399804345446
11.775,4.84751,4.615143534053564,4.34297,2.9352932630859083,2.84751,2.8384546453702075,1.7766888886833563
11.925,4.84751,4.6347979652522975,4.34297,3.0480511280841722,2.84751,2.839104551416666,1.7956934138356315
12.075,4.84751,4.654687246483278,4.34297,3.1633459751635313,2.84751,2.839772594493303,1.8149146519899753
12.225,4.84751,4.674750817352803,4.34297,3.2809303216540817,2.84751,2.840478148900821,1.8342726684519817
12.375,4.84751,4.694951944983024,4.34297,3.4003998087497407,2.84751,2.841209959520934,1.85374198546209
12.524999999999999,4.84751,4.7152080643956955,4.34297,3.5216684749961895,2.84751,2.8419706754790366,1.873237388916659
12.674999999999999,4.84751,4.735531475779762,4.34297,3.6443137282114986,2.84751,2.8427531972377293,1.8927782785420328
12.825,4.84751,4.755822916711035,4.34297,3.768331943868608,2.84751,2.8435657564090544,1.912257160301981
12.975,4.84751,4.776042093713976,4.34297,3.8928429089247736,2.84751,2.8443926105302575,1.931649483183718
13.125,4.84751,4.795988680555811,4.34297,4.017073388920079,2.84751,2.8452307015609217,1.9507579789948895
13.275,4.84751,4.815244287758395,4.34297,4.137813507928282,2.84751,2.846073907383695,1.9691703803746998
13.425,4.84751,4.832601630239144,4.34297,4.247612169229405,2.84751,2.84683997575209,1.985761654487054
13.575000000000001,4.84751,4.844701234070719,4.34297,4.324411343498924,2.84751,2.8473841136259774,1.9973171204447415
13.725000000000001,4.84751,4.847716064466013,4.34297,4.343681140381814,2.84751,2.8475253902194475,2.0001906742465656
13.875,4.84751,4.847895713014258,4.34297,4.34478096738846,2.84751,2.847534676835529,2.0003610361787287
14.024999999999999,4.84751,4.847901197536196,4.34297,4.344654148607911,2.84751,2.847531229744355,2.0003699677918405
14.174999999999999,4.84751,4.847763010171194,4.34297,4.343521066524807,2.84751,2.847532609480818,2.000230400690376
14.325,4.84751,4.847690150016623,4.34297,4.342927879774944,2.84751,2.8475284829909424,2.0001616670256808
14.475,4.84751,4.84771267277606,4.34297,4.342841273177534,2.84751,2.8475314194445067,2.0001812533315535
14.625,4.84751,4.847680608266332,4.34297,4.342629433721626,2.84751,2.8475290131265,2.000151595139832
14.775,4.84751,4.847686553679397,4.34297,4.342625580766207,2.84751,2.847528369718532,2.000158183960865
14.925,4.84751,4.847677455669603,4.34297,4.342599365259832,2.84751,2.847529991327635,2.0001474643419686
